[{"__type__":"cc.SpriteFrame","content":{"name":"bg","texture":"b7xqDd8wdGpY1Bj3tFyIFP","rect":[0,0,1920,1080],"offset":[0,0],"originalSize":[1920,1080],"capInsets":[0,0,0,0]}},{"__type__":"cc.SpriteFrame","content":{"name":"button.4","texture":"b6Y08e8mJFDq2NpliaAAvY","rect":[1,520,219,65],"offset":[0,0],"originalSize":[219,65],"capInsets":[0,0,0,0]}},[{"__type__":"cc.SceneAsset","_name":"Splash","scene":{"__id__":1},"asyncLoadAssets":{}},{"__type__":"cc.Scene","_name":"New Node","_children":[{"__id__":2}],"_anchorPoint":{"__type__":"cc.Vec2"},"_scale":{"__type__":"cc.Vec3","x":1.0295401027734272,"y":1.0295401027734272,"z":1.0295401027734272},"autoReleaseAssets":false},{"__type__":"cc.Node","_name":"Canvas","_parent":{"__id__":1},"_children":[{"__id__":3},{"__id__":4},{"__id__":7},{"__id__":17},{"__id__":19}],"_components":[{"__type__":"cc.Canvas","node":{"__id__":2},"_designResolution":{"__type__":"cc.Size","width":1398,"height":786}},{"__type__":"75b79AEMXNJqYRJtb538JJ4","node":{"__id__":2},"HotUpdate":{"__id__":16},"messageLabel":{"__id__":18},"retryGetDataButtonNode":{"__id__":19}}],"_contentSize":{"__type__":"cc.Size","width":1398,"height":786},"_position":{"__type__":"cc.Vec3","x":699,"y":393},"_scale":{"__type__":"cc.Vec3","x":1,"y":1,"z":1},"_id":"e4U3Ba6utI4rRj1065IrE9"},{"__type__":"cc.Node","_name":"Main Camera","_parent":{"__id__":2},"_level":1,"_components":[{"__type__":"cc.Camera","node":{"__id__":3},"_clearFlags":7,"_depth":-1}],"_scale":{"__type__":"cc.Vec3","x":1,"y":1,"z":1}},{"__type__":"cc.Node","_name":"background","_parent":{"__id__":2},"_children":[{"__id__":5},{"__id__":6}],"_level":1,"_components":[{"__type__":"cc.Sprite","node":{"__id__":4},"_spriteFrame":{"__uuid__":"02hdjqBD1LJKlHB2wqSgcX"},"_sizeMode":0},{"__type__":"cc.Widget","node":{"__id__":4},"_alignFlags":45}],"_contentSize":{"__type__":"cc.Size","width":1398,"height":786},"_scale":{"__type__":"cc.Vec3","x":1,"y":1,"z":1}},{"__type__":"cc.Node","_name":"right","_parent":{"__id__":4},"_level":2,"_components":[{"__type__":"cc.Sprite","node":{"__id__":5},"_spriteFrame":{"__uuid__":"b9sA1LnpJEDqx3JHWiDLXD"},"_sizeMode":0}],"_contentSize":{"__type__":"cc.Size","width":562.840625,"height":402.653125},"_position":{"__type__":"cc.Vec3","x":343,"y":32},"_scale":{"__type__":"cc.Vec3","x":1,"y":1,"z":1}},{"__type__":"cc.Node","_name":"text","_parent":{"__id__":4},"_level":2,"_components":[{"__type__":"cc.Sprite","node":{"__id__":6},"_spriteFrame":{"__uuid__":"a7VXHJG/ZGPZ0kIlNscRKj"},"_sizeMode":0}],"_contentSize":{"__type__":"cc.Size","width":470.36875,"height":150.721875},"_position":{"__type__":"cc.Vec3","y":30},"_scale":{"__type__":"cc.Vec3","x":1,"y":1,"z":1}},{"__type__":"cc.Node","_name":"HotUpdate","_parent":{"__id__":2},"_children":[{"__id__":8},{"__id__":10},{"__id__":12},{"__id__":14}],"_level":1,"_components":[{"__id__":16},{"__type__":"cc.Sprite","node":{"__id__":7},"_spriteFrame":{"__uuid__":"6ataQ/fMpKxrRMNCQIyezT"}}],"_contentSize":{"__type__":"cc.Size","width":868,"height":53},"_position":{"__type__":"cc.Vec3","y":-271},"_scale":{"__type__":"cc.Vec3","x":1,"y":1,"z":1}},{"__type__":"cc.Node","_name":"mask","_parent":{"__id__":7},"_children":[{"__id__":9}],"_level":2,"_components":[{"__type__":"cc.Mask","node":{"__id__":8}}],"_contentSize":{"__type__":"cc.Size","height":30},"_anchorPoint":{"__type__":"cc.Vec2","y":0.5},"_position":{"__type__":"cc.Vec3","x":-419,"y":1},"_scale":{"__type__":"cc.Vec3","x":1,"y":1,"z":1}},{"__type__":"cc.Node","_name":"progress-bar","_parent":{"__id__":8},"_level":3,"_components":[{"__type__":"cc.Sprite","node":{"__id__":9},"_spriteFrame":{"__uuid__":"acA4h7qfFDEa2hkIO/yydN"}}],"_contentSize":{"__type__":"cc.Size","width":838,"height":27},"_anchorPoint":{"__type__":"cc.Vec2","y":0.5},"_scale":{"__type__":"cc.Vec3","x":1,"y":1,"z":1}},{"__type__":"cc.Node","_name":"c","_parent":{"__id__":7},"_children":[{"__id__":11}],"_level":2,"_position":{"__type__":"cc.Vec3","x":-419},"_scale":{"__type__":"cc.Vec3","x":1,"y":1,"z":1}},{"__type__":"cc.Node","_name":"coin","_parent":{"__id__":10},"_level":3,"_components":[{"__type__":"cc.Sprite","node":{"__id__":11},"_spriteFrame":{"__uuid__":"30qq620aZLxINZ6DEqSh56"}}],"_opacity":250,"_contentSize":{"__type__":"cc.Size","width":47,"height":47},"_position":{"__type__":"cc.Vec3","x":838},"_scale":{"__type__":"cc.Vec3","x":1,"y":1,"z":1}},{"__type__":"cc.Node","_name":"Messenger","_parent":{"__id__":7},"_level":2,"_components":[{"__id__":13}],"_contentSize":{"__type__":"cc.Size","height":25.71},"_position":{"__type__":"cc.Vec3","y":-64},"_scale":{"__type__":"cc.Vec3","x":1,"y":1,"z":1}},{"__type__":"cc.Label","node":{"__id__":12},"_useOriginalSize":false,"_fontSize":20,"_lineHeight":45,"_N$file":{"__uuid__":"ca/STOHexDCpBHB3XPtG62"},"_isSystemFontUsed":false,"_N$horizontalAlign":1,"_N$verticalAlign":1},{"__type__":"cc.Node","_name":"buttonRetry","_parent":{"__id__":7},"_children":[{"__id__":15}],"_active":false,"_level":2,"_components":[{"__type__":"cc.Sprite","node":{"__id__":14},"_spriteFrame":{"__uuid__":"20GQa5o1RCgL5IpJumvY9r"}},{"__type__":"cc.Button","node":{"__id__":14},"zoomScale":1.1,"clickEvents":[{"__type__":"cc.ClickEvent"}],"_N$transition":3,"transition":3}],"_contentSize":{"__type__":"cc.Size","width":219,"height":65},"_position":{"__type__":"cc.Vec3","x":-9,"y":-282},"_scale":{"__type__":"cc.Vec3","x":1,"y":1,"z":1}},{"__type__":"cc.Node","_name":"label","_parent":{"__id__":14},"_level":2,"_components":[{"__type__":"cc.Label","node":{"__id__":15},"_useOriginalSize":false,"_string":"THỬ LẠI","_N$string":"THỬ LẠI","_fontSize":20,"_lineHeight":80,"_N$file":{"__uuid__":"cdcxQMSRVIb7r5lhP63hFG"},"_isSystemFontUsed":false,"_N$horizontalAlign":1,"_N$verticalAlign":1}],"_contentSize":{"__type__":"cc.Size","width":101.88,"height":50},"_scale":{"__type__":"cc.Vec3","x":1,"y":1,"z":1}},{"__type__":"dff82xXmpRANIScT1UemSB8","node":{"__id__":7},"manifestUrl":{"__uuid__":"2dL3kvpAxJu6GJ7RdqJG5J"},"retryButtonNode":{"__id__":14},"updateProgressBar":{"__id__":8},"star":{"__id__":11},"messageLabel":{"__id__":13}},{"__type__":"cc.Node","_name":"Messenger","_parent":{"__id__":2},"_level":1,"_components":[{"__id__":18}],"_contentSize":{"__type__":"cc.Size","height":25.71},"_position":{"__type__":"cc.Vec3","y":-218},"_scale":{"__type__":"cc.Vec3","x":1,"y":1,"z":1}},{"__type__":"cc.Label","node":{"__id__":17},"_useOriginalSize":false,"_fontSize":20,"_lineHeight":45,"_N$file":{"__uuid__":"ca/STOHexDCpBHB3XPtG62"},"_isSystemFontUsed":false,"_N$horizontalAlign":1,"_N$verticalAlign":1},{"__type__":"cc.Node","_name":"buttonRetry","_parent":{"__id__":2},"_children":[{"__id__":20}],"_active":false,"_level":1,"_components":[{"__type__":"cc.Sprite","node":{"__id__":19},"_spriteFrame":{"__uuid__":"20GQa5o1RCgL5IpJumvY9r"}},{"__type__":"cc.Button","node":{"__id__":19},"zoomScale":1.1,"clickEvents":[{"__type__":"cc.ClickEvent"}],"_N$transition":3,"transition":3}],"_contentSize":{"__type__":"cc.Size","width":219,"height":65},"_position":{"__type__":"cc.Vec3","x":-9,"y":-282},"_scale":{"__type__":"cc.Vec3","x":1,"y":1,"z":1}},{"__type__":"cc.Node","_name":"label","_parent":{"__id__":19},"_level":2,"_components":[{"__type__":"cc.Label","node":{"__id__":20},"_useOriginalSize":false,"_string":"THỬ LẠI","_N$string":"THỬ LẠI","_fontSize":20,"_lineHeight":80,"_N$file":{"__uuid__":"cdcxQMSRVIb7r5lhP63hFG"},"_isSystemFontUsed":false,"_N$horizontalAlign":1,"_N$verticalAlign":1}],"_contentSize":{"__type__":"cc.Size","width":101.88,"height":50},"_scale":{"__type__":"cc.Vec3","x":1,"y":1,"z":1}}],{"__type__":"cc.SpriteFrame","content":{"name":"coin","texture":"3e83KFMAZPhotR30W2rfBi","rect":[0,0,47,47],"offset":[0,0],"originalSize":[47,47],"capInsets":[0,0,0,0]}},{"__type__":"cc.SpriteFrame","content":{"name":"progress-bg","texture":"f1xDaVYaxMs5FxcUfqIrwG","rect":[0,0,868,53],"offset":[0,0],"originalSize":[868,53],"capInsets":[0,0,0,0]}},{"__type__":"cc.SpriteFrame","content":{"name":"text","texture":"c1F+Ik0QRCiLAx1sep1iSh","rect":[0,0,646,207],"offset":[0,0],"originalSize":[646,207],"capInsets":[0,0,0,0]}},{"__type__":"cc.SpriteFrame","content":{"name":"progress-bar","texture":"92TpwGo9NGHoSxpDcIAv7k","rect":[0,0,838,27],"offset":[0,0],"originalSize":[838,27],"capInsets":[0,0,0,0]}},{"__type__":"cc.SpriteFrame","content":{"name":"right","texture":"5fTdhIvmBJway6wvZJphne","rect":[0,0,773,553],"offset":[0,0],"originalSize":[773,553],"capInsets":[0,0,0,0]}}]